<?xml version="1.0" encoding="UTF-8"?>
<project-private xmlns="http://www.netbeans.org/ns/project-private/1">
    <editor-bookmarks xmlns="http://www.netbeans.org/ns/editor-bookmarks/2" lastBookmarkId="0"/>
    <open-files xmlns="http://www.netbeans.org/ns/projectui-open-files/2">
        <group>
            <file>file:/C:/Users/armel/OneDrive/Documents/NetBeansProjects/TchomnouArmelProgrammingCkpt2/src/tchomnouarmelprogrammingckpt2/DVDs.java</file>
            <file>file:/C:/Users/armel/OneDrive/Documents/NetBeansProjects/TchomnouArmelProgrammingCkpt2/src/tchomnouarmelprogrammingckpt2/Books.java</file>
            <file>file:/C:/Users/armel/OneDrive/Documents/NetBeansProjects/TchomnouArmelProgrammingCkpt2/src/tchomnouarmelprogrammingckpt2/TchomnouArmelProgrammingCkpt2.java</file>
            <file>file:/C:/Users/armel/OneDrive/Documents/NetBeansProjects/TchomnouArmelProgrammingCkpt2/src/tchomnouarmelprogrammingckpt2/Member.java</file>
            <file>file:/C:/Users/armel/OneDrive/Documents/NetBeansProjects/TchomnouArmelProgrammingCkpt2/src/tchomnouarmelprogrammingckpt2/Product.java</file>
            <file>file:/C:/Users/armel/OneDrive/Documents/NetBeansProjects/TchomnouArmelProgrammingCkpt2/src/tchomnouarmelprogrammingckpt2/Premium.java</file>
            <file>file:/C:/Users/armel/OneDrive/Documents/NetBeansProjects/TchomnouArmelProgrammingCkpt2/src/tchomnouarmelprogrammingckpt2/CDs.java</file>
        </group>
    </open-files>
</project-private>
